of_ratio,pressure_bar,temperature_k,gamma,molecular_weight_kg_per_kmol,gas_constant_j_kg_k,density_kg_m3,cp_mass_j_kg_k,cv_mass_j_kg_k,sound_speed_m_per_s,viscosity_pa_s,thermal_conductivity_w_m_k,prandtl_number,cstar_m_per_s,nozzle_area_ratio,exit_mach,exit_pressure_bar,exit_temperature_k,exit_velocity_m_per_s,cf_sea_level,cf_vacuum,isp_sea_level_s,isp_vacuum_s,cf_ideal_1atm,isp_ideal_1atm_s,x_N2,x_CO2,x_H2O,x_CO,x_H2,x_O2,x_NO,x_OH
3.0,10.0,2382.322850159379,1.2943179780013176,19.24482052007504,432.036381398314,0.9715811130575147,1899.9602382154455,1467.9238568171315,1154.1997074161145,7.019346029065013e-05,0.2858728293906238,0.4665178702686608,1522.7691905830359,15.0,3.9215032289860092,0.05511260732484685,730.0933849649607,2505.6617043317583,0.20825779338457173,1.7281327933845716,32.3381125526896,268.34315235092765,1.2587162796241784,195.45251133638914,0.3212970915105128,9.541813117022975e-06,5.683203718734457e-05,0.327860758338573,0.33379890584664185,3.13931938950793e-14,4.5857488480876435e-09,8.21633692623439e-08
3.25,10.0,2526.987549658082,1.2935442323279418,19.58894866398045,424.4465979658018,0.9323389777038222,1870.3840452790866,1445.9374473132848,1177.887251904482,7.361331209072635e-05,0.29320524644167034,0.46958629194254703,1554.8133031251612,15.0,3.9183494532747316,0.05524296983651921,776.7076944859667,2558.787023527872,0.2087092452818684,1.7285842452818683,33.09018992718832,274.06155824229637,1.2587551395151007,199.5716413143374,0.34030674122303817,0.0016709458764000765,0.010118691892624567,0.32684755480974725,0.31587049623466656,4.7624344777316124e-09,2.393166481712532e-06,3.45932709799427e-05
3.5,10.0,2657.1204358668706,1.2870475084333324,20.17596259694404,412.097444084903,0.9132482307142175,1847.7393917683262,1435.641947683423,1187.1425443801365,7.653606976545665e-05,0.29462418124773365,0.47999695883024496,1573.773442980654,15.0,3.8919949071830393,0.056350281606418584,837.1404135569683,2593.3949870597817,0.21253373028144673,1.7324087302814468,34.10746181974009,278.01735068599123,1.259090313210057,202.0591024706889,0.35651629858515943,0.005260222212284957,0.03141712586386347,0.31435371712285765,0.28399243503258514,1.837193625344908e-07,1.8818400673380557e-05,0.0002217242281511956
3.75,10.0,2770.469689145284,1.281517628798124,20.72232273900867,401.2321747359772,0.8996028967746413,1826.4792416743687,1425.2470669383915,1193.5397014510058,7.910226730988658e-05,0.2946601952082901,0.49032292640936936,1588.077635105143,15.0,3.869738886242886,0.05731098517234963,891.443621260796,2619.9244674440642,0.2158373148193211,1.7357123148193212,34.95244680759604,281.07925827281906,1.2593883172310079,203.94389730512097,0.3716594235173969,0.008838571234956119,0.051120012740659984,0.3021612768104746,0.25364032340743725,1.54991884413006e-06,6.606866628698437e-05,0.0006507556565849828
4.0,10.0,2869.0387200178307,1.2767845886144293,21.230301252880654,391.6318717816161,0.8899908921186208,1806.565679122938,1414.933807341322,1197.7496009342597,8.13559348163718e-05,0.2936813896587508,0.5004567698450374,1598.720566897755,15.0,3.8508178288722146,0.05814678778677101,939.9930646404424,2640.055936705132,0.21870064139507206,1.738575641395072,35.65348140211308,283.42977826329655,1.2596528549917019,205.35380853061025,0.385798218739281,0.012498835376812335,0.06901137808529534,0.2901965608606386,0.22512452224036686,7.601200104287491e-06,0.00017075610916987877,0.001432598364104824
4.25,10.0,2954.4377472953956,1.2727123435616494,21.702616730911107,383.10876154905895,0.8834929174614833,1787.917786859838,1404.8090253107791,1200.2275516591237,8.333190072740678e-05,0.29193234865978474,0.5103599796574826,1606.404054241697,15.0,3.8346322601707437,0.05887605484120424,983.1620776011634,2654.987319235388,0.22119096135780092,1.7410659613578008,36.23276624400687,285.1998816137406,1.2598875777826002,206.3791929801431,0.3989819145194596,0.016294641603273288,0.08493461348074204,0.27840159509324436,0.1987009611359257,2.7214557481545377e-05,0.0003668732784748246,0.002659786852047254
4.5,10.0,3027.873640767448,1.26920134933411,22.141611086851015,375.5129916038881,0.879502920465575,1770.427959648246,1394.914968044358,1201.2865638865624,8.505626095288652e-05,0.2895781341578148,0.5200184847246134,1611.619767544619,15.0,3.8207467644683506,0.059512456884533105,1021.2345879465875,2665.5618109644815,0.22335814061863024,1.74323314061863,36.70656081974938,286.48202891505997,1.2600953158292265,207.08340972511118,0.4112492993005015,0.02024454492427116,0.09877659504068768,0.266747316875782,0.1745803190822945,7.84169838469324e-05,0.0006916434260927984,0.004384067582420065
4.75,10.0,3090.258127249845,1.2661785180868528,22.549190473352883,368.7255481733907,0.8776109084941457,1753.9821452255896,1385.256597052199,1201.1478385762043,8.654858438354951e-05,0.28673662669687117,0.5294219767179559,1614.720015886586,15.0,3.808843075360463,0.06006611446969713,1054.4207059188636,2672.3856336975937,0.22523903954854219,1.7451140395485423,37.08687324602198,287.34283059594526,1.2602782027196844,207.51188627278907,0.42263183520006187,0.024334850321006334,0.11048525673776541,0.255232884974846,0.15290622239153975,0.00019157662692689657,0.00117873885941692,0.006598902722931137
5.0,10.0,3142.3744381774977,1.2635872639450187,22.926965755064607,362.64993401128805,0.8775148282280529,1738.4748831519735,1375.8249491406855,1199.9838136955132,8.782516640858355e-05,0.28350412263789737,0.5385524714396347,1615.9818822383363,15.0,3.79867646153639,0.060544996749069206,1082.914731334309,2675.936835282332,0.2268625674302478,1.7467375674302477,37.383387673196594,287.8349142665788,1.260437982018717,207.70038113191526,0.4331602992537565,0.02852352904883511,0.12008892547204837,0.24388455649414728,0.1337322264846472,0.0004096296118067137,0.001850285145540957,0.009233558592137531
5.25,10.0,3185.0350841456093,1.2613793284598884,23.276474710980036,357.2045475697023,0.8789593698723729,1723.8181572780124,1366.6136097083102,1197.9493457027875,8.890218739873524e-05,0.27997175190673873,0.5473809547426118,1615.6555443989919,15.0,3.7900410365009067,0.06095617829318652,1106.960400049865,2676.648229642444,0.22825412354422925,1.7481291235442291,37.60509860514716,288.0060480163546,1.2605763345086478,207.6812310000923,0.44287208590268234,0.032748419866582376,0.12770425772794528,0.23275034785321957,0.1170082330489221,0.0007835052003983379,0.002710709558644427,0.01216422078047781
5.5,10.0,3219.1696992577567,1.259509624482278,23.599371091222604,352.3171268426584,0.8817031109987798,1709.9435638024884,1357.6264369598298,1195.1971769317215,8.9797655889942e-05,0.2762312534808336,0.5558709298772776,1613.9892213143592,15.0,3.7827480234751993,0.06130664722887612,1126.8898594247612,2674.9506334869543,0.22943843898394856,1.7493134389839484,37.76123013213332,287.9039259298993,1.2606950954076808,207.48658260995086,0.45181560018546807,0.036939196324044854,0.13352462504699492,0.22188985849556983,0.10258606685364842,0.0013634937162460058,0.003745445000524851,0.015240017093355252
5.75,10.0,3245.821100075008,1.2579344062621107,23.897501197136233,347.9218412655465,0.8855105256877895,1696.7990473254124,1348.877206059866,1191.8789069730678,9.053164995629514e-05,0.27237213965564216,0.5639857938218359,1611.2313838839236,15.0,3.7766175767852674,0.061603546287229353,1143.120711102787,2671.2768545468443,0.2304404627323282,1.750315462732328,37.86133956764654,287.57661436388975,1.2607962995931845,207.1486763154856,0.4600498903659552,0.04102941659939232,0.13779168416048423,0.21136241132633138,0.09024483994099486,0.0021900738169330965,0.004925023952180966,0.018313356136128393
6.0,10.0,3266.07725905644,1.2566118129190864,24.1728636865632,343.95852828868357,0.890158747974525,1684.3431519581281,1340.3846236694446,1188.1378655457765,9.112527005453276e-05,0.26847523616538316,0.5716960222436994,1607.6196000142768,15.0,3.771480086245054,0.061853988058961785,1156.120785307592,2666.042286794638,0.23128479680988678,1.7511597968098869,37.91488148724524,287.07038714633364,1.2608820892325483,206.6983893538767,0.4676405149201488,0.04496485423498633,0.14076172015230595,0.201217676121849,0.07972624573586058,0.003287981718917029,0.00621218294888997,0.021262746215677742
6.25,10.0,3280.988324873172,1.2555032724721804,24.42750626598974,340.3729602038589,0.8954477783900988,1672.5396949407661,1332.1667347369073,1184.1011226353212,9.159917445728342e-05,0.26460732196406817,0.5789834316240682,1603.367392494268,15.0,3.767180935497617,0.062064715335846794,1166.3634574470793,2659.62178915687,0.23199460486837697,1.7518696048683768,37.930647538205974,286.427128565593,1.2609545710554642,206.16351584352736,0.47465422211817376,0.0487067786487759,0.1426782643222656,0.19149093562254516,0.07076719295048656,0.004664976858349301,0.007568742734962038,0.024002743513081074
6.5,10.0,3291.5044181144117,1.2545746390288173,24.66341936821817,337.1171893897016,0.9012072153077311,1661.3543195130244,1324.2371301233227,1179.874790504287,9.197239009612463e-05,0.26081898286657007,0.5858420498491953,1598.6560011299282,15.0,3.7635843179575126,0.06224181959552342,1174.291806787814,2652.334940068803,0.23259071227023687,1.7524657122702367,37.91636674887945,285.6826569414885,1.2610156961570524,205.5676821524686,0.4811545774353218,0.05223128777752281,0.14375602886460412,0.18220255947505856,0.06312230148685496,0.006314253402927908,0.008960296920446281,0.026483009113006252
6.75,10.0,3298.4449693816196,1.2537966533540406,24.88246026699247,334.1495386283281,0.9072978701625258,1650.7529461689203,1316.6034075405921,1175.5432373959852,9.226165629883706e-05,0.2571453858375069,0.5922766238161102,1593.6323602937462,15.0,3.7605745387121976,0.062390598836965,1180.298212069976,2644.4420961897954,0.23309116818317333,1.7529661681831736,37.87854450963143,284.8662501584981,1.261067191507071,204.93007141994661,0.48719935515181984,0.05552663219534136,0.14417509729976796,0.17335999647200395,0.056575374972300266,0.008218498932874395,0.010358431631306156,0.028681553679557516
7.0,10.0,3302.493909400847,1.2531448083322905,25.08631365182148,331.43421283619085,0.9136095644737923,1640.7014856657947,1309.267272829604,1171.1710021650733,9.248124255781022e-05,0.25360870958865595,0.5983000832539431,1588.4115471149748,15.0,3.7580551251528673,0.06251554098400804,1184.7174662310892,2636.1483101740105,0.23351122159495152,1.7533862215949516,37.82248991881475,284.0010524423445,1.2611105390807138,204.2657321780829,0.49283951721558544,0.0585900691175895,0.14408175657807193,0.16496068939257635,0.05094265085276049,0.01035399994400543,0.011741136407822143,0.03059653056302031
7.25,10.0,3304.2102619475186,1.2525988617774353,25.27648068789033,328.94067496257907,0.9200570237720663,1631.1661586720372,1302.225483709458,1166.805946551181,9.264307029282538e-05,0.2502210750364361,0.6039309081983867,1583.0814144338842,15.0,3.7559466742002847,0.06262038591766349,1187.8285703296176,2627.611156240663,0.23386355355372124,1.753738553553721,37.752448098418874,283.10492470997326,1.2611469861853593,203.58617414706845,0.4981192436062782,0.06142505968131149,0.14359255806312224,0.15699493448690766,0.04607126436456354,0.012693988096901834,0.013092219138762334,0.03223896685514578
7.5,10.0,3304.045398477551,1.2521422122151777,25.454285668614933,326.6429365332751,0.9265753081677669,1622.1139870312315,1295.4710504979566,1162.4826157758196,9.275698267333137e-05,0.24698728075785864,0.6091908803058353,1577.7077377163064,15.0,3.754184250315191,0.06270822291087363,1189.8608312213835,2618.949544268389,0.23415862160817613,1.7540336216081762,37.67177060099057,282.19141266648404,1.2611775713236937,202.90003343768265,0.5030765129484663,0.06403907374360529,0.14279936129681906,0.14944827090396245,0.04183554446895752,0.015211027997608734,0.014400328863871974,0.03362723755434954
7.75,10.0,3302.361534878947,1.2517612731088144,25.6208914681641,324.51886494599887,0.9331155667312901,1613.5132402077493,1288.9943752617503,1158.2252759738114,9.283105921847605e-05,0.24390705689854067,0.6141033599279059,1572.338975602409,15.0,3.7527148372056995,0.06278159525647876,1191.0013758829919,2610.251930901349,0.23440502323922607,1.7542800232392262,37.58308434746051,281.2706535524094,1.2612031550125442,202.21368936170356,0.5077438927458344,0.06644199213175156,0.14177418644602488,0.14230331107564842,0.03813272179623814,0.01787855407364978,0.01565793222942782,0.03478324362077327
8.0,10.0,3299.4487552653613,1.2514449109936343,25.777318187637295,322.54955917566417,0.9396414356080784,1605.3337599019628,1282.7842007262984,1154.050433403879,9.287191921650642e-05,0.24097679059325883,0.6186920611653142,1567.0102863425516,15.0,3.751495078649235,0.06284259756018824,1191.402521326917,2601.5832820709675,0.2346098309093465,1.7544848309093466,37.488440834743024,280.3501478350832,1.2612244498128051,201.53178570086533,0.512149349909982,0.06864499794647848,0.14057340144194233,0.13554106860167417,0.03487884248976285,0.020671760402983085,0.016860401387513047,0.035729946314595994
8.25,10.0,3295.5395458490716,1.251183970449942,25.924461834399043,320.71881265133226,0.9461261303830338,1597.5471551480023,1276.8283424966703,1149.9688257847874,9.288498970489134e-05,0.23819078400996907,0.6229802369380929,1561.7467484225667,15.0,3.750489383736787,0.06289295977593079,1191.1883105474599,2592.990678497814,0.23477887996406,1.75465387996406,37.389440061811406,279.4353822804843,1.2612420469711714,200.85764923098603,0.5163169914464619,0.0706598279979214,0.13924114082928726,0.12914189074793692,0.032005205743115744,0.023568042557565956,0.018005264609186594,0.03648987549397433
8.5,10.0,3290.8206936123406,1.250970885649016,26.063111517352908,319.01266326614314,0.9525501672023021,1590.1268900863959,1271.1142268202527,1145.9869506615764,9.287473106024497e-05,0.23554214252966016,0.6269901669500229,1556.5658657651738,15.0,3.749668386081881,0.06293411693913019,1190.4600083363143,2584.50769181974,0.234917006701435,1.7547920067014349,37.28732991584102,278.5303176058109,1.2612564389201368,200.1936156383294,0.5202677035533607,0.07249828434494683,0.13781201146414587,0.12308609069113828,0.029455400517621914,0.02654714884267889,0.01909161771442196,0.037084293309475096
8.75,10.0,3285.442803250723,1.2507993682258303,26.19396463362723,317.4190213068899,0.9588996074669468,1583.0482912381924,1265.6292699313028,1142.108217174514,9.284482193923157e-05,0.23302338268268594,0.6307428680724215,1551.4794814454945,15.0,3.749007710960017,0.06296726580806614,1189.3005898932745,2576.157739366033,0.2350282412502409,1.7549032412502408,37.18308432135035,277.63776322413275,1.261268037786726,199.54127874749543,0.524019686910841,0.0741719226932798,0.13631320360180074,0.11735436611939785,0.027182899221856932,0.02959115349991375,0.020119675053412226,0.03753278005606616
9.0,10.0,3279.5278224709464,1.2506641595068442,26.317639891328486,315.92736478215926,0.9651647128005153,1576.2885005891835,1260.3611358070243,1138.3338082884711,9.279830883196012e-05,0.23062684016747514,0.6342579509814207,1546.4952288117317,15.0,3.748486999790095,0.06299341019860202,1187.7783478232786,2567.9566363163476,0.23511596164675863,1.7549909616467585,37.077464057980485,276.7596629628288,1.261277190347067,198.9016796847859,0.5275888968303949,0.07569186165783126,0.13476612127826035,0.11192806550737196,0.025149133185538897,0.032684331076187255,0.02109043239324067,0.037853080172946585
9.25,10.0,3273.1749391131984,1.2505608338339491,26.43468840950755,314.52848958729714,0.9713389259583884,1569.8263937910338,1255.2979042037366,1134.6633176504793,9.273772580263722e-05,0.22834493380468163,0.6375535784370046,1541.617620390474,15.0,3.748089137864829,0.06301339721605109,1185.9497635277437,2559.914518267816,0.23518301677714604,1.7550580167771461,36.97106378633242,275.8973108524531,1.2612841900705414,198.27544897928186,0.5309894037454127,0.07706867448243247,0.13318764183141313,0.10678934751777804,0.023321960195989293,0.035812978256571266,0.02200541731813031,0.038061103199981544
9.5,10.0,3266.4652039443195,1.25048564307461,26.545603062378643,313.21430515687877,0.9774180947914064,1563.6424786533707,1250.4281734964918,1131.0952213044638,9.266519026889298e-05,0.2261703310310612,0.6406464859311665,1536.8488666702779,15.0,3.7477996451265243,0.06302794605712,1183.8617861856349,2552.0372921241456,0.23523182398316966,1.7551068239831695,36.864348385362646,275.05151436258103,1.261289286752755,197.662913521879,0.5342336868137961,0.0783123338431559,0.13159108736354377,0.10192126810327344,0.02167444851220324,0.038965216585329344,0.022866505904661133,0.0381710109227589
9.75,10.0,3259.465157001991,1.2504353932484438,26.650826342107095,311.97766671184854,0.9833998811474277,1557.7187844713178,1245.7411177594693,1127.6272260124974,9.258247962002663e-05,0.2240960460481587,0.6435520401196896,1532.189491176917,15.0,3.7476061936821434,0.06303767097075688,1181.5536417030444,2544.327730403624,0.23526444678765723,1.7551394467876573,36.757681064950766,274.22271784127264,1.2612926942349445,197.06417700285039,0.5373328735232703,0.07943219272715732,0.12998697607837673,0.09730781726088636,0.020183910767550023,0.04213079325956885,0.02367578921617626,0.03819534873529175
10.0,10.0,3252.229668860129,1.250407346117294,26.75075700089069,310.8122367481564,0.9892833136844453,1552.038748539741,1241.2265117915842,1124.2565236874034,9.249109241061901e-05,0.22211549134944183,0.6462843201252085,1527.6387897104448,15.0,3.7474982235784084,0.06304309964899378,1179.0582679709125,2536.7862923567204,0.23528265708987472,1.7551576570898748,36.65134510935272,273.4110954329762,1.2612945966149935,196.47918005039972,0.5402969364374889,0.08043698813183701,0.12838360661691542,0.09293392265428764,0.018831134214721254,0.04530089100497144,0.024435476678097458,0.03814519448891279
10.25,10.0,3244.804188514527,1.2503991408056188,26.84575562147581,309.71237075189333,0.9950684429357031,1546.587105047881,1236.8747342959878,1120.9799803117485,9.239229766068238e-05,0.22022250014216632,0.648856207133746,1523.1951777769038,15.0,3.7474666372015957,0.0630446879249342,1176.4034599579209,2529.4117477616373,0.23528798483238234,1.7551629848323822,36.54556080675155,272.6166218544765,1.2612951532298036,195.90774577995725,0.5431348544333705,0.08133485880676194,0.12678751240131605,0.0887854314282365,0.01759976605249353,0.0484679526433308,0.025147826775015387,0.03803031034695054
10.5,10.0,3237.2265145490715,1.2504087303939837,26.9361493741616,308.6730216208578,1.0007560813100338,1541.3497782786765,1232.6767566578185,1117.794271764856,9.228717443519148e-05,0.21841132745754377,0.65127948037081,1518.8564486854739,15.0,3.747503552390077,0.0630428317030978,1173.6127844191842,2522.20164356006,0.2352817582839859,1.755156758283986,36.440498623657305,271.8391255702532,1.2612945027142277,195.34961369469113,0.5458547468388156,0.08213337177906085,0.12520381951993248,0.08484907825636484,0.016475818739919303,0.05162552155501562,0.025815098202956185,0.03785928867667007
10.75,10.0,3229.528206269185,1.2504343308901058,27.022236033761725,307.689660017961,1.0063476021023618,1536.3137824549904,1228.6241224370294,1114.6959836999777,9.217664392915649e-05,0.21667663996582393,0.6535649090328589,1514.6199685806978,15.0,3.7476021039599967,0.06303787658723427,1170.706314676359,2515.152658457976,0.23526513652743342,1.7551401365274335,36.33628952754659,271.0783293420182,1.2612927662862794,194.80446534174118,0.5484639847231594,0.08283955416257593,0.12363652699426136,0.08111244430817134,0.015447272003563372,0.05476809975657289,0.02643951554460175,0.0376396873830774
11.0,10.0,3221.7357130581777,1.2504743797353537,27.104287409599692,306.7582073826614,1.0118447845658523,1531.4671285376958,1224.7089211550344,1111.6816840190738,9.206149558780945e-05,0.21501349798898237,0.6557223412270275,1510.4828232243103,15.0,3.747756282487834,0.06303012572956461,1167.7012243598267,2508.2608717293574,0.2352391359294559,1.755114135929456,36.23303311238515,270.33388110309033,1.2612900504329256,194.27194365891089,0.5509692841540897,0.0834599264741625,0.12208872892032618,0.07756391237552814,0.014503749839338392,0.05789102254348334,0.027023245858264457,0.03737815297288726
11.25,10.0,3213.871276855011,1.2505275018931368,27.182552285731486,305.8749793159644,1.017249696035182,1526.7987382030672,1220.9237588871028,1108.7479740043418,9.194240836272839e-05,0.21341733317333245,0.6577607872250637,1506.4419269911293,15.0,3.747960802677622,0.06301984626111637,1164.6122672994863,2501.5219647409226,0.23520465181382844,1.7550796518138285,36.130803986652055,269.6053772390515,1.2612864491159743,193.75166737816355,0.5533767847242173,0.0840005369422201,0.1205627908638967,0.07419261957206284,0.013636257320061929,0.060990348011857154,0.027568383412513796,0.037080531045138546
11.5,10.0,3205.953662093529,1.2505924818479754,27.25725896418905,305.03663736243226,1.0225646011027194,1522.2983649009523,1217.2617275385203,1105.891524302611,9.181996817779028e-05,0.21188392374373197,0.6596884980823967,1502.49410439909,15.0,3.7482109947713376,0.0630072746134684,1161.4521697926762,2494.931373311558,0.23516247638841126,1.7550374763884111,36.02965685014538,268.892380300413,1.2612820456020715,193.24324183095518,0.5556921164119668,0.0844669944993624,0.11906049155864715,0.07098841064355917,0.012836964644028706,0.0640627608144689,0.028076940183863443,0.03675196404605273
11.75,10.0,3197.9987471099307,1.2506682405501923,27.328617449157147,304.24014802877156,1.027791891301476,1517.956522153369,1213.7163741245972,1103.1090999249675,9.169468232054019e-05,0.21040937023204506,0.6615130349078293,1498.636150967879,15.0,3.7485027152100194,0.0629926209092547,1158.2319512689546,2488.484402771569,0.2351133135283967,1.7549883135283968,35.929630529028834,268.19443246978386,1.2612769139756463,192.74626703972382,0.5579204565146134,0.08486450203872185,0.11758313501717606,0.06794179061844337,0.012099030321623827,0.0671054883008374,0.0285508401608644,0.036396977588897525
12.0,10.0,3190.0200061872247,1.2507538162879404,27.396821346102044,303.48274761941326,1.0329340310059263,1513.7644179526937,1210.2816703332808,1100.3975768717094,9.156699136989984e-05,0.20899007076218937,0.6632413343333502,1494.8648781215113,15.0,3.748832272569877,0.06297607261171212,1154.9611880913917,2482.17631415431,0.23505779105924907,1.754932791059249,35.83075119263928,267.51106573786444,1.261271120399027,192.26034371303896,0.5600665781068163,0.08519788662986291,0.11613164175287119,0.06504388056149989,0.011416454088515713,0.07011622700378327,0.028991917621111047,0.036019556615685296
3.0,20.0,2387.6779269109124,1.294005838953182,19.25598960015444,431.7857866981064,1.9399293278093495,1900.4157575704353,1468.6299708723288,1155.0217474468395,7.029255877203449e-05,0.2860397027631038,0.4670158898918817,1524.167100043978,15.0,3.9202305694070967,0.11033031746199287,732.6027485888972,2508.119195272368,0.9683773122053636,1.7283148122053638,150.50693556845926,268.6177823499464,1.3866381432325976,215.51378274754322,0.32150139729612576,1.910880375587978e-05,0.00011417501898990486,0.3279723555672216,0.33405657478280654,6.69647370718701e-14,6.769306383860696e-09,1.2054520042200874e-07
3.25,20.0,2535.4962556417568,1.2931547426051904,19.60390073344395,424.12286877013696,1.8598389202822037,1870.8771153535854,1446.7542465834485,1179.2410271430722,7.376605230994148e-05,0.2934365254147631,0.4703137039997874,1557.0000029868966,15.0,3.916763110830024,0.11061742648331889,780.4772935297203,2562.58651101851,0.9688743213734268,1.728811821373427,153.8279964383712,274.48313247053864,1.386783495636255,220.17935858298483,0.3405263343955658,0.0016753457839089856,0.010203213844077824,0.3270212268962577,0.31665941225095007,2.610890287386965e-09,1.7985499497128674e-06,2.5795111343077207e-05
3.5,20.0,2670.3933534999182,1.2865091657020813,20.198235923799274,411.64300929649187,1.8194243923510387,1848.3963790805751,1436.7533697840834,1189.1987218426298,7.677277504563085e-05,0.29491750000023675,0.481173614336883,1577.062007749511,15.0,3.8898211403546004,0.11288613433172373,843.0487198123361,2599.098768512058,0.972790877404606,1.732728377404606,156.43991926296098,278.6497013510486,1.3879355654265244,223.20164882386007,0.3568979141720058,0.005239744393204446,0.03155785944746243,0.31470540140274067,0.2852463076159062,1.0289507598870179e-07,1.4382795888915642e-05,0.00016765945519135373
3.75,20.0,2789.197667183035,1.2807949431292638,20.754362279137258,400.6127726945926,1.7898882234781466,1827.3221294587947,1426.709356764202,1196.3047982085295,7.943327684546556e-05,0.29497121647345426,0.49208253717260175,1592.5232478029773,15.0,3.8668422261877797,0.11487558056294143,899.9476444563556,2627.6485208676563,0.976209868128235,1.736147368128235,158.52884621444562,281.936751628351,1.3889508391829402,225.5547512610613,0.37223255846457015,0.008794963909840378,0.051439701689494605,0.30267322084349346,0.2552868412018591,8.971112688567071e-07,5.165719118572987e-05,0.0005019447263339091
4.0,20.0,2893.626675895013,1.27586863911534,21.27332519238113,390.83982137080284,1.7684333240299916,1807.6004311456375,1416.7606097748346,1201.2229861218564,8.178711222664666e-05,0.29398384273887374,0.5028794029825584,1604.3394365148783,15.0,3.8471697417758532,0.1166199885296391,951.3731420929118,2649.8370988024208,0.9791961087059744,1.7391336087059746,160.19363730518623,284.51720351143666,1.389844810978314,227.37457142735553,0.3865910196605568,0.012434795272744222,0.06962017709938256,0.29086511338504883,0.22706654931070938,4.549485560834071e-06,0.00013659738084016593,0.0011274178969439212
4.25,20.0,2985.097873890625,1.2716014512136267,21.757350301284685,382.1449994148554,1.7532475455069017,1789.1514705042948,1407.0064710894394,1204.3948380463285,8.386610959359543e-05,0.29221672885413036,0.5134859112729224,1613.1843005625117,15.0,3.830231908293843,0.11815328969281097,997.5969442677451,2666.8109085060487,0.981812144799101,1.741749644799101,161.50713424987302,286.51610718239573,1.390633418173393,228.7578324947765,0.4000170697313946,0.01622151745521541,0.08594801415399327,0.2792108824601257,0.20079795031035305,1.6844291985856503e-05,0.0003002051618385554,0.0021352532950525143
4.5,20.0,3064.6933680191637,1.2678969878595265,22.208455462329958,374.38274950080404,1.7431194051510173,1771.8704648054413,1397.4877153046373,1206.1280400244664,8.569467919761214e-05,0.2898524808100785,0.5238522390316093,1619.5370488799406,15.0,3.8156044865956593,0.11950141388772521,1038.8317900231316,2679.3895931108323,0.9841055402334998,1.7440430402334999,162.5218991619118,288.0231596416067,1.3913289225127692,229.77354521550558,0.41254427377374897,0.020185850306749787,0.1003039332583941,0.2676664871357958,0.17666617429216908,5.021466327825583e-05,0.000578905963156274,0.0035896994111000798
4.75,20.0,3133.221950428105,1.2646840429431032,22.62830629413483,367.4363653239181,1.7372275132005115,1755.6438342679464,1388.2074689440285,1206.6398605961251,8.72911480729619e-05,0.2870222327766513,0.5339383099974709,1623.7409231499357,15.0,3.8029753779083286,0.12068364073927615,1075.2259465016707,2688.162195717185,0.9861116264114707,1.7460491264114706,163.275920176436,289.10294752892173,1.3919404564469418,230.47122939239193,0.4241980017962795,0.024328358015585118,0.11261298853153177,0.2562150870503476,0.15481302672633696,0.00012703377767912894,0.0010093805264266152,0.005510537165403663
5.0,20.0,3191.3427945616113,1.2619084027976397,23.018282659380333,361.21124851879244,1.7349831984207846,1740.362297742203,1379.1510492234106,1206.0943339977403,8.867015733350866e-05,0.2838277981093509,0.543703611084117,1626.0575584639955,15.0,3.7921080104364524,0.12171476978579282,1106.9012640235314,2693.578828100832,0.987857483853845,1.7477949838538451,163.79835400526878,289.8049021981005,1.3924750464205309,230.8886902463744,0.4350006209089798,0.028620407025531546,0.12286361378713992,0.24486806177739648,0.13531571711543428,0.00028152731493045764,0.001621320052210678,0.007862096864084898
5.25,20.0,3239.70881340526,1.2595253746865203,23.379654958648896,355.62811482286014,1.7359129007692717,1725.9300178734663,1370.3019030506061,1204.632270422979,8.984545144088917e-05,0.2803577709703818,0.5531038468257955,1626.7129396912926,15.0,3.782809384323878,0.12260737231111123,1134.0110548425037,2696.0292914107354,0.9893659396288641,1.749303439628864,164.11459326927215,290.1719283028108,1.3929387192757245,231.05866313601874,0.44497859466508904,0.033008292904377505,0.1311220128849848,0.23366325051556372,0.11816887357422995,0.0005583025092575082,0.002430123023538998,0.010554562850545925
5.5,20.0,3279.077120955996,1.2574941442502832,23.71378036707047,350.61734103343997,1.7395822705639865,1712.2690479267878,1361.6517068933479,1202.3903916313343,9.083214024976781e-05,0.27669611669582694,0.562093404720949,1625.9278610146732,15.0,3.77490642877357,0.123373590376018,1156.7897752408503,2695.8957445994615,0.990658717259303,1.750596217259303,164.24972943349243,290.2462271039343,1.3933374005414738,231.0132511442892,0.4541685528997851,0.03742204956968037,0.13753246878009223,0.22265808664369593,0.10327875258156106,0.0010066517926026741,0.003432556112163684,0.013459773993714692
5.75,20.0,3310.347255181947,1.2557747738672624,24.02223029471349,346.1153488309944,1.7455632223484727,1699.3189646442381,1353.203615813244,1199.5078199622076,9.164768533077641e-05,0.27292342517659346,0.5706313030754547,1623.9289516532547,15.0,3.768233295575584,0.12402607064110041,1175.5713851481764,2693.5720228771647,0.9917580807312704,1.7516955807312704,164.22985018692174,290.07144825527286,1.393677377700473,230.78554276047237,0.4626196090414583,0.04178720461702969,0.14230045659710644,0.21191859838525304,0.09047474756023735,0.0016722248575347742,0.004607461078263765,0.016436567890340682
6.0,20.0,3334.5255247058226,1.2543277456761857,24.306805411488334,342.0631579262779,1.7534349092516786,1687.033039276928,1344.9698813506502,1196.122577334447,9.231150050890716e-05,0.26911348121836254,0.5786872904274599,1620.943580082254,15.0,3.762628832808546,0.12457798897075008,1190.7715294068284,2689.454895755391,0.9926869276759479,1.752624427675948,164.08146537787158,289.6917208564252,1.3939652960390951,230.40886515497442,0.47039126976128837,0.04603571457716581,0.14566442502932142,0.20150791117629402,0.07953490372966236,0.002589403838248958,0.005920982793126603,0.019355716390951638
6.25,20.0,3352.6485743327185,1.25311505251482,24.569458368445197,338.40642693335025,1.7628012925185637,1675.3732472433992,1336.9668203100491,1192.363823759036,9.28437041780134e-05,0.2653289016813816,0.5862454379041316,1617.1873569750157,15.0,3.7579401689207437,0.1250425012884741,1202.8475101531844,2683.9222007434505,0.9934679125761063,1.7534054125761063,163.83002837650363,289.1492063925643,1.3942078568312934,229.91493721737808,0.4775485675525813,0.050113008218169615,0.14786679745438178,0.19147784495540152,0.07021589504507639,0.0037771362063711146,0.007333666039193414,0.022116147293258608
6.5,20.0,3365.7065881844246,1.252101636966399,24.812179348760854,335.0960228557462,1.7733092091237517,1664.3060465907708,1329.2100237350248,1188.3450316514059,9.326375103896696e-05,0.2616185115764734,0.5933044410602304,1612.8526168003305,15.0,3.7540277026311157,0.1254320676304146,1212.2559152050953,2677.3124494815556,0.9941223557450715,1.7540598557450715,163.4985283336458,288.4817984085135,1.394411449814764,229.33215274635936,0.48415681701735,0.053980424235856875,0.14913237420951492,0.18186503201050644,0.062278317477188615,0.0052388088975931155,0.008806676879198411,0.024650221477383404
6.75,20.0,3374.5904882660216,1.251256410800938,25.036892972258233,332.08843554853075,1.784658666701484,1653.7997283665782,1321.7112928180477,1184.160507393488,9.358942384682535e-05,0.25801716393650176,0.5998754554714638,1608.1020429348516,15.0,3.750768542620208,0.1257579487510522,1219.4211330823034,2669.9132922950175,0.9946694389178214,1.7546069389178216,163.10666300608378,287.72180133087403,1.3945818769927123,228.68461354610398,0.4902776354668936,0.05761422319251372,0.1496566822532574,0.17269084226936968,0.05550298413863888,0.006964944221471711,0.01030577142696898,0.026920873537329415
7.0,20.0,3380.0677251302714,1.250552642350586,25.245389066234655,329.34579048629973,1.7966044729762958,1643.8232088703476,1314.4774183840477,1179.885186627928,9.383631578265883e-05,0.2545473685510099,0.6059788187812696,1603.067588212222,15.0,3.748057598359826,0.1260299640716017,1224.718258009982,2661.959232324442,0.9951258335255428,1.7550633335255428,162.67063369422476,286.89564175681755,1.3947242150895893,227.9919425802749,0.4959666950454011,0.06100288956502013,0.14960255089967828,0.16396351821084595,0.04969855842456213,0.008937017422728783,0.011803020738044243,0.028914898619261355
7.25,20.0,3382.779971474619,1.2499678323150496,25.439288304282478,326.8355041502311,1.8089518920931607,1634.345759062952,1307.5102549127212,1175.5765316473673,9.40177147710637e-05,0.2512217436724434,0.6116407408318334,1597.8529496961264,15.0,3.7458067929402175,0.1262564674703424,1228.467770223163,2653.635622994571,0.9955056872171207,1.7554431872171208,162.2033720749844,286.0242870622329,1.394842794320553,227.26962553649648,0.5012729217515325,0.06414404585879507,0.14910177752325543,0.15568110073130045,0.044703045443649586,0.01113114035274896,0.013276965712429534,0.030635652546677942
7.5,20.0,3383.2535520840684,1.2494832928416766,25.620033763211662,324.5297291564131,1.8215494343174514,1625.3371918924504,1300.8074627360372,1171.2773461394142,9.414473788151996e-05,0.24804553805945057,0.6168905318632498,1592.537717873159,15.0,3.743943216604235,0.12644445671822901,1230.9376149918835,2645.0856852883917,0.9958208276127548,1.7557583276127549,161.71498199864143,285.1240087280785,1.3949412493162554,226.52960529367752,0.506238623111039,0.06704168441552077,0.14825916397021485,0.14783428268314483,0.04038181797323281,0.013521011603656022,0.014711931936895737,0.03209683441932944
7.75,20.0,3381.915295909979,1.2490836091444433,25.78889823594204,322.40472400505104,1.834281023268132,1616.7681914064274,1294.3634674013765,1167.0187024495378,9.422658516967293e-05,0.2450188229377824,0.6217585402647213,1587.1818755339593,15.0,3.7424068949015394,0.12659974386155748,1232.3489342378696,2636.4182213255594,0.9960810625016331,1.7560185625016331,161.21323887007298,284.20723034918035,1.3950226037769535,225.78093361902106,0.5109000938364714,0.06970396483534233,0.14715718495110217,0.1404088104884533,0.03662413603373135,0.016080006606949682,0.016097028704560597,0.033317842484501654
8.0,20.0,3379.109332629004,1.2487560959941444,25.946999388324517,320.4402364110948,1.8470587456831409,1608.6106232732443,1288.1703868621494,1162.822574288412,9.427082809235184e-05,0.24213822527513862,0.6262747460125744,1581.8299430987568,15.0,3.741148586826405,0.12672713928329188,1232.88300616314,2627.714774743141,0.9962944985814487,1.7562319985814487,160.7040600001731,283.28331921546186,1.3950893636735693,225.0303751798466,0.5152883982062797,0.07214158287087213,0.1458603888340946,0.13338734326994128,0.033339327387710255,0.018782516336859616,0.0174251302021386,0.03432059379196729
8.25,20.0,3375.1125560039363,1.2484903054218197,26.095317711420343,318.61894574728643,1.8598166814659707,1600.8377639278233,1282.218818180537,1158.704025173742,9.42836861213391e-05,0.23939821563891825,0.6304678790630908,1576.5144869235326,15.0,3.7401278153503688,0.1268306243123949,1232.6880485269276,2619.035722526008,0.9964678378222153,1.7564053378222153,160.19190876396036,282.3592623359194,1.39514360545069,224.2829208069771,0.5194301608343889,0.07436661592497722,0.14441917479820207,0.12675081999887733,0.030453210963129675,0.02160471624831002,0.018691975288398142,0.03512749062196109
8.5,20.0,3370.147881529353,1.2482776061380423,26.234714440608958,316.9259812976354,1.8725058962181749,1593.4244389210146,1276.498457623379,1154.6729464943103,9.427027119714119e-05,0.23679202506612118,0.6343649197952997,1571.25894849595,15.0,3.7393111982828637,0.12691350187677117,1231.885280792859,2610.425208598911,0.9966066347987015,1.7565441347987016,159.68012451325328,281.4402155915156,1.395187053429068,223.54220274264102,0.5233482864371822,0.07639173408464528,0.14287287506979537,0.12047942733297269,0.027904995127846357,0.024524939497268188,0.01989542846397078,0.0357602049661894
8.75,20.0,3364.395170829462,1.2481108360989526,26.365948064244094,315.3485168784358,1.885090487654597,1586.3470828284803,1270.9985659500448,1150.7354007007818,9.423479431188651e-05,0.23431227613069655,0.6379908621357074,1566.0798618365163,15.0,3.7386710771274805,0.12697852279254274,1230.5740569941138,2601.9150252114414,0.9967155116533665,1.7566530116533665,159.17118391911785,280.5299369086084,1.3952211449273872,222.81082101219775,0.5270625803673418,0.07822967641581276,0.14125220074295805,0.1145532644019266,0.025644696578216344,0.027523792954499495,0.02103489886743707,0.03623901273604113
9.0,20.0,3358.0000340516162,1.2479840212597366,26.489688866293132,313.8754350842149,1.897544509821874,1579.5837395538174,1265.7083044696024,1146.894643457118,9.418073573016429e-05,0.231951405009659,0.6413686467317917,1560.9885635215771,15.0,3.7381844117444407,0.12702798909643367,1228.8360873465786,2593.527616610051,0.9967983335371645,1.7567358335371646,158.66690447694987,279.6311222772363,1.3952470836862458,222.09059576114805,0.5305902672664058,0.0798929137281776,0.13958115162367568,0.10895278597551651,0.02363104267180815,0.030584116676024356,0.022110895910520397,0.03658248071709648
9.25,20.0,3351.08081743097,1.2478921496960709,26.606531486495463,312.4970506724399,1.9098496131480844,1573.1140208168263,1260.6169701443866,1143.1518897868134,9.411098293107583e-05,0.2297019339022178,0.6445192003683822,1555.992493745369,15.0,3.7378318955366296,0.1270638377380401,1226.7388506665675,2585.2783729906832,0.9968583504227656,1.7567958504227656,158.16860095804523,278.7456630246655,1.395265883226512,221.382759768061,0.5339464189523788,0.08139344235810639,0.13787849712147804,0.10365908534378578,0.02182978766068955,0.033690854250087464,0.023124694958877662,0.036807370178466706
9.5,20.0,3343.734126651683,1.2478309915724406,26.71700557826307,311.20488386310325,1.9219932320426858,1566.9190376441425,1255.7141537810394,1139.5068878867955,9.402794178325528e-05,0.2275566402294614,0.6474615370578085,1551.096184597347,15.0,3.7375972520684533,0.12708770772941239,1224.3383303740045,2577.177379029415,0.9968983107096017,1.7568358107096016,157.67720538340856,277.87484237284394,1.3952784016929867,220.6881050427084,0.5371443034987115,0.08274266461150381,0.13615892037286725,0.09865406668472235,0.02021236952373757,0.0368308789136261,0.024078089406833255,0.03692866832320969
9.75,20.0,3336.0391756350386,1.2477969556430382,26.82158480831091,309.9914743135137,1.9339671994467418,1560.9813160130584,1250.989841699545,1135.9583458826828,9.393362572040942e-05,0.22550865522921804,0.6502128911454962,1546.302007005514,15.0,3.737466675645096,0.1271009939660409,1221.6811976147153,2569.2307405341685,0.9969205521612458,1.7568580521612458,157.19335865274886,277.01948494957327,1.3952853698189505,220.0070939307994,0.5401956696298783,0.08395132851887684,0.13443390215114168,0.09392053976282065,0.018754840985339635,0.03999280286618797,0.02497320850662535,0.03695968973686229
10.0,20.0,3328.061209497985,1.2477869745465684,26.920694450553995,308.8502279695886,1.9457666894547152,1555.2847047404568,1246.4344767708683,1132.5042477353861,9.382972719798413e-05,0.22355151518946423,0.6527888636197086,1541.6107340206286,15.0,3.7374283849854644,0.12710489045329595,1218.8065518106375,2561.4415892242014,0.9969270748609245,1.7568645748609246,156.71748044861272,276.18007034269493,1.3952874134113114,219.33994315681255,0.5431109790956847,0.08502950744773731,0.13271240517235117,0.08944226096908374,0.017437018402032475,0.04316678661400942,0.02581238422163843,0.036912211633849966
10.25,20.0,3319.8542083084362,1.2477984133010733,27.014717758128157,307.77529095789254,1.9573894043016735,1549.8142808684036,1242.0389899105112,1129.1420882139612,9.37176751276215e-05,0.2216791816738995,0.6552035702488095,1537.0219673657778,15.0,3.7374722677268206,0.1271004249261714,1215.7473094121117,2553.810846708602,0.9969195995874195,1.7568570995874195,156.2498227491915,275.3568196671024,1.395285071375613,218.6866876498952,0.5458995959615544,0.08598660363528352,0.13100140508419422,0.08520393994663944,0.016241802474116045,0.04634435760341788,0.02659805545727404,0.036796621837452706
10.5,20.0,3311.463024998932,1.2478289954843633,27.104001364083494,306.76144479431144,1.9688349533304137,1544.5562564739096,1237.794811679598,1125.8690455259118,9.359868106532426e-05,0.219886041595146,0.6574697847502841,1532.5344586973083,15.0,3.7375895940572557,0.1270884868806551,1212.531315656053,2546.337803032826,0.996899615041232,1.756837115041232,155.79051071597024,274.54976134756066,1.3952788103233946,218.04722879992536,0.548569942795449,0.0868313688472404,0.12930630463832468,0.08119122174754831,0.015154634239017056,0.04951824291356287,0.02733269909788463,0.036622066043776644
10.75,20.0,3302.9250826480934,1.2478767438388887,27.188859838341912,305.80401927807685,1.9801043752783052,1539.4978888281748,1233.6938695500978,1122.6821085769436,9.347377650184433e-05,0.21816689477913265,0.6595990731365081,1528.146352410151,15.0,3.7377727865874446,0.12706985019707911,1209.1822357380709,2539.020556264589,0.9968684159323319,1.756805915932332,155.33957402781564,273.7587812682789,1.3952690363699036,217.42137106550095,0.551129629208212,0.08757193372565518,0.12763125764254346,0.07739065482292563,0.014163057645802692,0.05268221803131785,0.02801878152818114,0.03639658788066027
11.0,20.0,3294.27173240145,1.2479399320764542,27.26957955651076,304.89881961411163,1.9911997677833595,1534.6273956471723,1229.7285760330606,1119.5781709415276,9.334384317226418e-05,0.21651693452890197,0.6616019169993756,1523.855370093994,15.0,3.738015233829146,0.12704519154983965,1205.7202745304594,2531.856348400384,0.99682713395351,1.75676463395351,154.89697104826433,272.98366123408766,1.3952561047408776,216.80884989938608,0.5535855586648536,0.0882158425967807,0.12597942331695708,0.0737896497984871,0.013256366363602298,0.05583097208342535,0.028658724769917675,0.036127258103683085
11.25,20.0,3285.5293337578555,1.248017045490244,27.34642201159783,304.04206497753205,2.0021240069497517,1529.9338756655684,1225.8918106880362,1116.5540977201733,9.320963758114876e-05,0.2149317236361643,0.663487826093604,1519.6589477876687,15.0,3.738311137918978,0.12701510549236106,1202.162756649253,2524.841817519613,0.9967767631445652,1.7567142631445651,154.46260721647744,272.224107997518,1.395240327649183,216.2093526562363,0.5559440178431749,0.08877009103502459,0.12435316744977029,0.0703764330380689,0.012425317161688793,0.058959988486534345,0.029254883805004323,0.03582029102555032
11.5,20.0,3276.7201338518344,1.248106748877966,27.41962662845505,303.23033682467457,2.0128805233786564,1525.407235260525,1222.1768984358503,1113.6067758512938,9.307181125090797e-05,0.21340716934988085,0.6652654393638169,1515.5543421794969,15.0,3.7386553907190896,0.1269801167696593,1198.5246006416794,2517.9731939180256,0.9967181805841333,1.7566556805841333,154.03634946832315,271.47977590956776,1.3952219807272224,215.62253483048954,0.5582107513916452,0.08924116294701721,0.12275422132565575,0.06713999891583772,0.011661896067153893,0.06206544048347181,0.029809531654945546,0.035481149192449185
11.75,20.0,3267.862968662406,1.248207859806068,27.489413215920575,302.46053463730885,2.0234731369869516,1521.0381206719742,1218.5775860346653,1110.7331475934118,9.29309271493478e-05,0.21193949722581495,0.6669426163304639,1511.5387075891188,15.0,3.7390434706453197,0.12694069060488514,1194.8187040548269,2511.2464444209872,0.9966521636672643,1.7565896636672644,153.61803708560166,270.75028373440693,1.3952013084038277,215.04803195090773,0.5603910259017718,0.08963506790329637,0.12118380906877868,0.06407006106731988,0.010959126657427777,0.06514409991364219,0.030324850080286347,0.03511463518276837
12.0,20.0,3258.9738401290338,1.2483193268397141,27.555984048625778,301.7298385527221,2.0339059223112956,1516.8178560370945,1215.0880174843724,1107.9302358612526,9.278747339691491e-05,0.21052522648901667,0.668526517283429,1507.6091560773273,15.0,3.739471358718741,0.12689724109043055,1191.0562603920007,2504.657385655029,0.9965794041934807,1.7565169041934807,153.2074902765143,270.0352278878815,1.3951785282922338,214.48546890282228,0.5624896834679253,0.08995737623503917,0.11964274821317414,0.061157005161622466,0.010310912578481784,0.06819325768074569,0.030802924745963228,0.03472497314832328
3.0,30.0,2390.5074017415154,1.2938046049915413,19.26322320761159,431.623645147189,2.907541577830334,1900.707647964693,1469.084002817504,1155.3990516058604,7.034537542822797e-05,0.2861145838503783,0.4673162453868522,1524.867161655302,15.0,3.9194103707137984,0.16559719765388964,734.0319064179678,2509.3726875964717,1.2218072321674724,1.7284322321674725,189.98268789088368,268.75941855564867,1.4482727027795927,225.1965233377729,0.3216392126638309,2.8721880532029857e-05,0.00017183429577929214,0.32801664454903956,0.33405127205201923,1.0420330615389416e-13,8.492184250446498e-09,1.5069928266451618e-07
3.25,30.0,2539.4864039929544,1.2929527491499833,19.611771714234234,423.95265146384503,2.786493324306814,1871.123407478131,1447.170756014286,1179.8395515337136,7.383717469042097e-05,0.2935304294005756,0.47067851257341425,1557.997753211169,15.0,3.9159407363680385,0.16602852145306723,782.3058589361218,2564.332914822497,1.2223049300766229,1.728929930076623,194.189487215136,274.67778971605213,1.448481839080957,230.12256487743656,0.34062321006047286,0.0016828040318056102,0.010275220074980666,0.3270734176893892,0.3169807693801791,1.8290478398306587e-09,1.515849510507379e-06,2.165975614166492e-05
3.5,30.0,2676.728287461138,1.2862463154326604,20.209185445378,411.4199773477176,2.7241535927237415,1848.7135080115365,1437.293530663819,1190.1642588902682,7.688545357452765e-05,0.29504979839123346,0.4817463945674276,1578.6176068449129,15.0,3.8887603389389813,0.16946528460548987,845.8951000379627,2601.8017005548445,1.2262596008729445,1.7328846008729446,197.39615429332605,278.94970673659714,1.4501510261387207,233.43689664123855,0.3570783616311422,0.005231801429322512,0.031634220847481465,0.31486536269922943,0.285828684970512,7.243496316600158e-08,1.2188501798342705e-05,0.00014135904846412654
3.75,30.0,2798.3233447639363,1.280440007327313,20.77019600266394,400.30737394518786,2.6781183738731746,1827.7334311623833,1427.4260572171954,1197.6374295471546,7.959413504078399e-05,0.29511408346512047,0.49295126762626396,1594.6744250737079,15.0,3.8654205830104225,0.17250052653221087,904.1158271910899,2631.3899009561464,1.2297363201575586,1.7363613201575587,199.96931259293564,282.3523823061371,1.4516292699904014,236.05166611861438,0.37251156065794494,0.0087752690568038,0.05160103630106907,0.3029183578223141,0.2560806592111245,6.420137855629482e-07,4.427975269249987e-05,0.00042744454363742823
4.0,30.0,2905.8511288108775,1.2754122121502938,21.29490850024634,390.443688361331,2.644170691071717,1808.1138973652223,1417.6702090038914,1202.9322531064674,8.200077926732856e-05,0.29412236874770603,0.5040988525262962,1607.1132159944323,15.0,3.845353500335789,0.1751744990311939,957.0605764257134,2654.6695767351775,1.2327871180532814,1.7394121180532816,202.0290792402214,285.05475396636945,1.4529346613986867,238.10684548854348,0.3869861684711916,0.012404912806305159,0.0699283261065996,0.29119421188815087,0.22802773380312957,3.3135880424186824e-06,0.00011850667348474213,0.0009702757491090536
4.25,30.0,3000.6302301572982,1.2710389913150748,21.78526816381269,381.6552798723092,2.6196151871367226,1789.7747464498916,1408.1194665775824,1206.4832985720802,8.413565238108502e-05,0.2923443222460221,0.5150907831930766,1616.5923928977845,15.0,3.82800639734348,0.17753543271810143,1004.9490981833169,2672.758759025425,1.2354715151135929,1.742096515113593,203.66321353107685,287.1785955475493,1.4540895989056137,239.70164981748158,0.40054407460511104,0.016187242145074922,0.08646911965143576,0.2796176425955345,0.20185893702572563,1.2493227859868442e-05,0.00026366354972047544,0.0018575578749520346
4.5,30.0,3083.6734322652032,1.2672261935130211,22.243109929557217,373.79946619356355,2.602640590969051,1772.6124391267329,1398.8129729331695,1208.5944582638506,8.602218983178237e-05,0.28997185654052465,0.5258579420635202,1623.582789106705,15.0,3.812963394241608,0.17962085567938793,1047.9562317323873,2686.461476443956,1.2378355599232247,1.7444605599232248,204.93527461830584,288.81179009822864,1.4551115780763675,240.90735515131954,0.4132166831576155,0.020159529185155966,0.1011038021179648,0.268136526244253,0.17774208898941213,3.7951486859050636e-05,0.0005148613818769549,0.0031572753409907905
4.75,30.0,3155.7315790138846,1.2639039767937643,22.66996096125028,366.7612234694685,2.5920166452067908,1756.5137687904707,1389.7525453210021,1209.4802317388344,8.767800018967362e-05,0.28714411480058766,0.536342577176372,1628.4215850568235,15.0,3.7999172079103136,0.18145875943026513,1086.1968040150448,2696.355439209063,1.2399135779916186,1.7465385779916185,205.8911079733231,290.0176022939538,1.45601365350704,241.77512825565415,0.4250266130506725,0.024330572118598327,0.11374829227874692,0.25672462237248045,0.15581291102508382,9.792124434225673e-05,0.0009093917612721864,0.004901100301027073
5.0,30.0,3217.3946732023755,1.2610196181347566,23.067068532161652,360.44730202975984,2.5868731735671644,1741.3676504905854,1380.9203484608256,1209.2997980652367,8.911682214233868e-05,0.2839675153734006,0.5464890974910717,1631.3614264810362,15.0,3.7886365496623426,0.1830703260462125,1119.7530405495625,2702.874500018033,1.2417315492246468,1.748356549224647,206.56523394325555,290.84360450720504,1.4568057022424754,242.34337194821805,0.43599203473968123,0.0286803065924358,0.1243717343971641,0.2453836942913156,0.136155951088789,0.00022153598317061754,0.0014802867188494833,0.007071935611721021
5.25,30.0,3269.2220825737973,1.2585306014971862,23.43554557025898,354.7799897905837,2.5865311559627413,1727.0739764057232,1372.2939866151396,1208.1856142746026,9.035102197776237e-05,0.2805309788687648,0.556241237344605,1632.6138594244037,15.0,3.7789363621073795,0.18447299623215474,1148.7258384617214,2706.382781600579,1.2433107550332911,1.7499357550332912,206.9867253586873,291.3297983276307,1.4574958842404873,242.64432611187777,0.4461333094141405,0.03316168154395799,0.13301292289120062,0.23414370525120193,0.1187859294352234,0.0004488007398166196,0.0022489349176473624,0.009600781625673623
5.5,30.0,3311.8590597854236,1.2563989240116884,23.776560906545818,349.6915576156442,2.5903846662173695,1713.548909839567,1363.8573522239228,1206.2637447805453,9.139390387078055e-05,0.27691526247287784,0.5655445747021508,1632.3814750506592,15.0,3.770653972893454,0.18568319722205676,1173.2871181745472,2707.2301783043144,1.2446709609531994,1.7512959609531995,207.1836783400555,291.5147460132712,1.458091956340255,242.70900852484866,0.4554796336711089,0.0377071431796794,0.139786313873986,0.2230582743671808,0.10363740050151266,0.0008267468523168113,0.0032194042516345183,0.012376518818420822
5.75,30.0,3346.0975738608013,1.2545875145462382,24.09149055528371,345.12030706749795,2.597838444588737,1700.7260903386054,1355.6057832711076,1203.6633532899043,9.226106717877955e-05,0.2731960903873561,0.5743523044233697,1630.8736888272626,15.0,3.7636341551241355,0.1867180813261634,1193.7095336901416,2705.779923220298,1.2458324378945587,1.7524574378945588,207.18546533727223,291.4386387045395,1.4586021115801964,242.56966509909392,0.46407287467197494,0.0422392928273821,0.14487225501768888,0.2121950715763843,0.09056903888759925,0.001402284111631536,0.004377040874808901,0.015266699511821401
6.0,30.0,3372.8652904294017,1.253059072433627,24.381970433665852,341.0086416425513,2.608295990616725,1688.5542497218337,1347.5456080792826,1200.5160291545835,9.29704590149433e-05,0.2694426146187383,0.5826311620765966,1628.3063114398842,15.0,3.7577239121577097,0.1875959813730892,1210.3617206208962,2702.4080346382884,1.2468165206858812,1.7534415206858813,207.0227049849171,291.14324411226755,1.45903519176879,242.25971268170304,0.47196709917877155,0.04668261138647043,0.14849375381921104,0.2016239001115403,0.07938254522962818,0.00221432867777409,0.005691949004601736,0.018141678975230544
6.25,30.0,3393.161828381813,1.251776744110891,24.64984701204909,337.30280817114397,2.621179273075726,1676.9928949671842,1339.6900867960403,1196.9491597971255,9.354139885920061e-05,0.26571410367265563,0.59036482860324,1624.8910768068395,15.0,3.752774499853021,0.1883358409686899,1223.67567574054,2697.485074549665,1.2476450116661357,1.7542700116661356,206.72576735978842,290.66987077810813,1.459400395741345,241.81210510505443,0.4792245638371929,0.05097261686184573,0.15088839766143136,0.1914063742175631,0.06984934918450215,0.0032882159032254347,0.007125520604960992,0.02089340808394508
6.5,30.0,3407.9795437042017,1.2507055627009067,24.897069216279792,333.9534684153325,2.635956973834142,1666.0079502448434,1332.0544818295111,1193.0784725634942,9.399321873570538e-05,0.2620574513900905,0.5975538907675921,1620.823251869566,15.0,3.7486464405212203,0.18895620942489774,1234.1039633494586,2691.3543058148725,1.2483390970687929,1.7549640970687927,206.32295786501598,290.05691186341693,1.4597067725966772,241.25737922085275,0.4859103557333205,0.05506055736387834,0.1522844190619055,0.1815897309847006,0.06173620314628983,0.004633893741659424,0.008637209624090734,0.023444455614442673
6.75,30.0,3418.2392275543393,1.2498137412388624,25.12557403930342,330.916324743351,2.6521654223155404,1655.5685360360098,1324.6522112926589,1189.0030555177923,9.434408655168114e-05,0.2585066338698806,0.6042131256664044,1616.2728789944656,15.0,3.7452140180615867,0.18947432898676736,1242.0827165643714,2684.316020547838,1.2489183658681395,1.7555433658681396,205.83918900243827,289.33806449208777,1.4599627606655312,240.62225269644438,0.4920876934197317,0.05891397728792236,0.15288554439705865,0.17220499721843086,0.054823801838908816,0.006247423469764469,0.010189557835721135,0.025748142384927827
7.0,30.0,3424.752856063344,1.24907340156444,25.337198977662755,328.15239859320127,2.6694170814408857,1645.6451398175275,1317.492741224326,1184.8036677846437,9.461027290246296e-05,0.25508389569981527,0.6103675629996302,1611.3812521986542,15.0,3.74236766912352,0.1899055685514065,1248.0078104692589,2676.6209686482644,1.2494002120429624,1.7560252120429622,205.29539426603918,288.54156160097443,1.4601758986503233,239.9290346853873,0.4978148417258415,0.06251469497403209,0.15286453927093002,0.16326821938882488,0.04891707949154782,0.0081142912096239,0.011750909270821912,0.027783406145724058
7.25,30.0,3428.2110824963634,1.2484607320154153,25.533630464873998,325.62790589419893,2.687398583314347,1636.2088707526436,1310.580964858445,1180.5435939509298,9.480585598177783e-05,0.2518018757914813,0.6160485582924733,1606.2616214317022,15.0,3.7400142604118143,0.1902632161649145,1252.2240159235696,2668.471225615683,1.2497996315920432,1.7564246315920433,204.70855824423015,287.69023842633476,1.4603527156418161,239.1957009671002,0.5031436439897919,0.0658557406911517,0.15236291606889246,0.1547831873064757,0.04384878931300756,0.010213105414182423,0.013296232718769927,0.029547925258991976
7.5,30.0,3429.1873431083345,1.2479557494944777,25.716382927668054,323.3138440012796,2.7058626097875553,1627.2313561397937,1303.9175121385138,1176.2708909692813,9.494273836984531e-05,0.24866594555664548,0.6212905453030588,1601.002339418262,15.0,3.738075926904009,0.19055852958719552,1255.0234760658172,2660.0254201182856,1.2501293011666414,1.7567543011666416,204.0921146103012,286.80209306449063,1.460498750406345,238.43635860543677,0.5081192312803874,0.06893828031052887,0.15149399549360001,0.14674448818615163,0.03947883785316553,0.012518819958128577,0.01480677595566669,0.031051687323996855
7.75,30.0,3428.1505777167868,1.2475418582402944,25.88679844954705,321.1854348987185,2.724617379074148,1618.6849252149639,1297.4994903162456,1172.0210969112745,9.503083799427632e-05,0.24567631958870428,0.6261286604643237,1595.6709400466782,15.0,3.736488198483359,0.1908009295981834,1256.6495102037482,2651.405681170484,1.250399810162505,1.757024810162505,203.45649538998458,285.891046434546,1.46061864277117,237.66186442468899,0.5127804168425517,0.07176900547097557,0.15034725515047137,0.13914026579863858,0.03569148246336708,0.01500516374217379,0.016269172737821705,0.03231190163494764
8.0,30.0,3425.4809653403504,1.2472053446801061,26.046058026569064,319.2215347778087,2.7435161106992516,1610.5428660010243,1291.3213312232158,1167.8198464702566,9.507835104475712e-05,0.24282976091110567,0.6305971698515617,1590.3182106358538,15.0,3.7351979349614606,0.19099824968365658,1257.3027664674287,2642.7046488072538,1.2506199510124458,1.7572449510124457,202.80969369556496,284.9677153913927,1.4607162541094505,236.88044943809035,0.5171604050500632,0.07435811720190151,0.14899276989892166,0.1319544531156098,0.032391778672562974,0.01764628449904796,0.017674402046910516,0.033349369163213946
8.25,30.0,3421.4854742149205,1.2469348898171446,26.195198001809867,317.4040760286974,2.7624476370554496,1602.7796512004982,1285.3755751718006,1163.6851399532684,9.50920249342783e-05,0.24012086524788906,0.6347285247317821,1584.9818027479137,15.0,3.7341613677860437,0.19115698956487903,1257.1479017410836,2633.991731000592,1.2507970102310013,1.7574220102310014,202.15777050752635,284.04010604689626,1.4607947906385406,236.09827624224735,0.5212875849018036,0.07671785663203745,0.14748518218466,0.12516846277408658,0.02950204499871841,0.02041775483029105,0.019016808609926234,0.03418608100497554
8.5,30.0,3416.4117383461503,1.2467211364731232,26.335127837681966,315.7175719593957,2.781328558708116,1595.3710968765386,1279.653524917143,1159.6291958128243,9.507741005851527e-05,0.23754298200494123,0.6385528660664819,1579.6892315791076,15.0,3.733342380027781,0.19128254666270125,1256.3198544239717,2625.3183266823225,1.2509370323011197,1.7575620323011196,201.50528053000824,283.1141945780027,1.4608569164587384,235.31990433101308,0.5251862884083359,0.07886147869636528,0.14586701945992958,0.11876240972886525,0.026958695126045703,0.023297113478414237,0.020293269160524183,0.03484373292158921
8.75,30.0,3410.459774737926,1.246556323108817,26.466647161242165,314.14869316461676,2.8000969321610767,1588.294451032559,1274.1457578679422,1155.6599091297876,9.503907798790931e-05,0.23508885017344558,0.6420978284936864,1574.4602732719939,15.0,3.7327110609754515,0.19137941555610144,1254.9293209838297,2616.7220176126175,1.251045046078126,1.757670046078126,200.85561584473194,282.19439472910364,1.4609048512182645,234.54866353683371,0.5288774618564012,0.08080255856156744,0.14417136265988292,0.11271596571939273,0.024709551878476458,0.026264093192651272,0.02150252192731759,0.035342874174667874
9.0,30.0,3403.7915679445446,1.2464339823949102,26.59046115090303,312.6859128530336,2.818707303710549,1581.5284231848875,1268.8425103318539,1151.7819743418625,9.498080399366638e-05,0.2327510230237551,0.6453885324388231,1569.3088368303356,15.0,3.7322425221935385,0.19145135430032534,1253.0673472828992,2608.2298539080316,1.251125252998529,1.7577502529985292,200.21127658396915,281.2839251906971,1.4609404517002818,233.78694670821886,0.5323792358592191,0.08255453793777255,0.14242394686575138,0.10700893793600996,0.022711639258820904,0.029300650106308584,0.022644645792758898,0.035702473192386314
9.25,30.0,3396.5387673485493,1.2463486969935056,26.707193965159014,311.31921342990614,2.8371268530640594,1575.0531695226932,1263.7339560927871,1147.9977376271597,9.490571663656271e-05,0.23052214205309013,0.648447686902955,1564.2444054858688,15.0,3.731915941891282,0.19150152048835703,1250.8090884982519,2599.860893052577,1.2511811806981434,1.7578061806981433,199.57408107317735,280.3850942050092,1.4609652786584628,233.03643586246108,0.5357073983907191,0.08413043949440453,0.14064479550881123,0.1016216477056091,0.020929398990316858,0.03239087561984942,0.02372066472377416,0.03593974548523733
9.5,30.0,3388.8088026105456,1.2462959032774745,26.817400249077643,310.0398450606415,2.8553324238257085,1568.8502472432288,1258.8104021825875,1144.3078377531301,9.481641888523594e-05,0.22839510600964846,0.6512957515146404,1559.2731365637396,15.0,3.7317137991640417,0.19153258144138577,1248.2168464244814,2591.628144510464,1.2512158071981494,1.7578408071981493,198.94532752856375,279.49951808411583,1.4609806510019396,232.29827536893117,0.5388757826692802,0.08554269734427793,0.13884948445176556,0.09653516677877344,0.019333263380336585,0.03552084466091267,0.02473225192351752,0.03607013933037317
9.75,30.0,3380.689726849955,1.246271734379259,26.921574871215583,308.8401275901219,2.8733082354503927,1562.9025492016383,1254.0624216115166,1140.7116872854285,9.471508576425222e-05,0.22636316886381933,0.6539511252285796,1554.3986994704298,15.0,3.7316212631516947,0.19154680286213027,1245.342507868042,2583.5400565802975,1.251231660674969,1.757856660674969,198.32591823807294,278.62828868253735,1.4609876894267206,231.57320434472555,0.5418965830215878,0.08680306451086192,0.13705011777370119,0.09173145559609527,0.017898518076492568,0.03867843559693223,0.025681511054918806,0.03610741128609462
10.0,30.0,3372.254032378324,1.2462728945217785,27.02016114579386,307.71328761847616,2.8910441355569914,1557.1942271104353,1249.4809394919594,1137.2078299214916,9.460354263732826e-05,0.22441998986937275,0.6564303409192345,1549.622909207393,15.0,3.7316257049486934,0.19154612018791903,1242.2294923274762,2575.601645196998,1.2512308996632178,1.7578558996632176,197.7164543270433,277.7721008910784,1.4609873515578844,230.86165714452264,0.5447806122085477,0.08792257368109514,0.13525608135005776,0.08719343222396549,0.01660439697093261,0.04185314220917064,0.026570815981663134,0.036063748114617926
10.25,30.0,3363.561667186164,1.2462965581952261,27.113557767708865,306.65332411873385,2.90853425830369,1551.7106093921477,1245.057285273414,1133.7942063514517,9.448332813020292e-05,0.2225596521632669,0.6587482557834142,1544.946206659919,15.0,3.7317163067034844,0.19153219609116717,1238.9143104771065,2567.815353417153,1.2512153776210622,1.7578403776210623,197.11730829286435,276.9313499838681,1.4609804602865315,230.1638398560099,0.5475375114609492,0.08891153157144945,0.13347462692304335,0.08290499556870932,0.015433360207487411,0.04503589053268665,0.02740269437285058,0.03594990871760039
10.5,30.0,3354.6624305668965,1.246340289525988,27.202124620520355,305.65489770167045,2.925775983119857,1546.4381178960468,1240.7832201943763,1130.468353768346,9.435574490541734e-05,0.22077666223825676,0.6609182287879,1540.3680251426395,15.0,3.7318837494618773,0.19150646663327672,1235.427812772186,2560.181709848971,1.2511866947105614,1.7578116947105615,196.52867982604192,276.10620637566797,1.4609677265264653,229.479788888836,0.5501759216199662,0.08977953341326073,0.13171132468867214,0.07885101919440547,0.014370517604402815,0.04821886826014715,0.028179743846085875,0.035775370426853914
10.75,30.0,3345.5978649990916,1.2464019768047054,27.286187719981676,304.7132381950359,2.942769145885677,1541.3641861561669,1236.6509479611311,1127.2275509072913,9.42219004277559e-05,0.21906593649191547,0.6629522836667718,1535.8870650363215,15.0,3.732119960054507,0.19147017887383114,1231.7961897895318,2552.6998252066096,1.2511462399570332,1.757771239957033,195.95063823210137,275.29667223188994,1.460949767766818,228.8094151398157,0.5527036245593645,0.09053549308633792,0.12997041654362257,0.07501732318991924,0.013403166025878318,0.05139536800797299,0.028904572324538694,0.03554847019924087
11.0,30.0,3336.4027714025656,1.2464797797925073,27.366043373783775,303.8240678270049,2.959515421499357,1536.4771807223963,1232.6531128953916,1124.0689269214167,9.408274010818903e-05,0.2174227807148049,0.6648612569521102,1531.5015042593172,15.0,3.7324179076157007,0.19142442122573292,1228.0417788592733,2545.36777451432,1.2510952252542498,1.7577202252542499,195.38315525164384,274.5026251618962,1.4609271230520637,228.15253797856275,0.5551276594206362,0.09118767800717312,0.12825509262351503,0.07139063637613115,0.012520416447933069,0.05455964746515452,0.029579756315125615,0.035276536357194195
11.25,30.0,3327.106417984031,1.2465720865435037,27.441961739989715,302.9835365609819,2.9760178522881153,1531.7663270554986,1228.7827904945166,1120.989540140088,9.393907416300161e-05,0.21584286598647606,0.6666549294553513,1527.2091565070305,15.0,3.7327714370386937,0.1913701483987939,1224.1837160854852,2538.1828867001527,1.2510347132890285,1.7576597132890286,194.82613015078056,273.7238514843016,1.4609002652962493,227.50891098427923,0.5574544197564224,0.09174374999503987,0.12656770833857625,0.06795854939180071,0.01171289243349497,0.057706804734236984,0.030207812081203343,0.034966008495293466
11.5,30.0,3317.7335149254927,1.2466774782756254,27.514189851152892,302.1881677466455,2.9922804790713986,1527.2216400322482,1225.0334722856026,1117.9864362898606,9.379159959320393e-05,0.21432220282271697,0.6683421440496604,1523.0075920701252,15.0,3.7331751336031402,0.1913082017417927,1220.2384658638298,2531.141967092116,1.250965640301865,1.757590640301865,194.27940913549537,272.9600718829705,1.4608696113287527,226.87824171131052,0.5596897342871411,0.09221080573255762,0.12490995586318086,0.06470946586331648,0.010972484653943824,0.06083266867044524,0.030791176804434744,0.03462254521843166
11.75,30.0,3308.3050012195167,1.2467947004708047,27.582954206326097,301.4348120929822,3.0083080552194663,1522.83385963307,1221.3990475400878,1115.056690506894,9.364091819066641e-05,0.21285711556669595,0.6699309087611657,1518.8942292230856,15.0,3.7336242117091496,0.19123932601542293,1216.220252665175,2524.2414671819697,1.2508888348442309,1.757513834844231,193.7428003084123,272.2109610850431,1.460835530180061,226.26020676118162,0.5618389350787951,0.09259541756735055,0.12328299943483306,0.061632551802519364,0.010292150768174399,0.0639337031681188,0.031332196212896464,0.034251119663638675
12.0,30.0,3298.838679051238,1.2469226388596868,27.64846302040024,300.72060830355986,3.0241058302356665,1518.5943913325984,1217.8737830290386,1112.1974361706295,9.348755128567172e-05,0.21144421672600927,0.6714284894620925,1514.866401869906,15.0,3.7341144224967495,0.19116418336037921,1212.1414139140581,2517.4776119149083,1.2508050333913585,1.7574300333913586,193.21608504171505,271.4761627285236,1.4607983499839594,225.6544630732917,0.5639069154885907,0.09290367249405242,0.12168758400766355,0.05871768607482806,0.00966575030067384,0.0670069234642872,0.03183311758162097,0.033856103726505396
3.0,40.0,2392.490903218766,1.2936409771687598,19.269123433754544,431.4914815267851,3.8746945317428856,1900.9440275820325,1469.4525460552475,1155.6282306969028,7.038267627849077e-05,0.2861588498684545,0.46754985274207206,1525.3340942735324,15.0,3.918743608572248,0.22090661006825332,735.0978465035108,2510.2236683286987,1.3485590015413624,1.7285277515413624,209.755933289198,268.85657307276284,1.4873284471592982,231.3402425736605,0.3217537765872649,3.837942404387992e-05,0.00022976605310063406,0.3280379357160688,0.33396027491554886,1.4277462533935438e-13,9.980118699785638e-09,1.7664416248381281e-07
3.25,40.0,2541.945433960706,1.2928141269880316,19.617241333145852,423.83444628908586,3.712765479631389,1871.2866257613198,1447.452179472234,1180.182801519741,7.388068164066654e-05,0.2935782906026816,0.47092014594299286,1558.5934957863847,15.0,3.915376491158556,0.22146509468955805,783.4760481059088,2565.3850563066762,1.3490422683570233,1.7290110183570233,214.40639820959933,274.79570774466816,1.4875760966247078,236.4238989549508,0.34067876308538014,0.00169127070425898,0.010342870271216366,0.3270846051339007,0.31714297224466925,1.4208950373080153e-09,1.3417621687876394e-06,1.912744516985174e-05
3.5,40.0,2680.657848613309,1.2860787286223523,20.216202734610288,411.2771684822303,3.6281397338041192,1848.9134809154777,1437.6363124332474,1190.753236884383,7.695521040522608e-05,0.2951274002639126,0.48210883102577035,1579.5743905747395,15.0,3.8880841893741183,0.22606947626646437,847.6778487736597,2603.4674693385277,1.3530155075777297,1.7329842575777297,217.9325912335267,279.1348271365818,1.489620279623997,239.93576250552923,0.3571889561485329,0.005228133134290216,0.03168820031296887,0.31495883240243344,0.2861777332516317,5.621325597620067e-08,1.0803653045612856e-05,0.00012490195148780558
3.75,40.0,2804.0482925854903,1.2802149257053563,20.78027644355714,400.113186209855,3.5652635412128904,1827.9928225379022,1427.8796363280471,1198.4657294748667,7.969488459703809e-05,0.29519959350199676,0.49350229554224184,1596.0167771604317,15.0,3.8645193949277905,0.23015909390324846,906.7440672820696,2633.7268294284004,1.3565283437783078,1.7364970937783077,220.7728424450585,282.61215554348433,1.4914395608254087,242.72942964194078,0.3726860900832474,0.008763817464344554,0.0517059025857214,0.30306906917106513,0.25657179234783256,5.033888926415506e-07,3.9532798845577985e-05,0.0003800566690336032
4.0,40.0,2913.609897886898,1.2751211783624294,21.30872478129629,390.1905300992601,3.5184538798691154,1808.440235271882,1418.249705172622,1204.0091678048598,8.213614006411378e-05,0.2942053393693625,0.5048796897441299,1608.8654469039532,15.0,3.8441959695839882,0.23377412918875376,960.6842100063939,2657.7243613509368,1.3596211183129354,1.7395898683129354,223.0575617702879,285.3947098053749,1.4930505316001808,244.9478069241902,0.38723708132955187,0.012386891340931171,0.07012685209415635,0.29140092062135875,0.22863363924035598,2.628056195879902e-06,0.00010663681551997437,0.0008686731062746673
4.25,40.0,3010.600313706937,1.2706773536326896,21.8032938654077,381.33974937358704,3.484133697777438,1790.174822776391,1408.835073402804,1207.8144875859641,8.430827902430336e-05,0.2924197103635036,0.5161299088672912,1618.769498304586,15.0,3.826576356993617,0.23697619284039592,1009.6851697458553,2676.5604470032526,1.3623510412087536,1.7423197912087536,224.88131130327122,287.60220200589856,1.4944796466108523,246.69158864348827,0.4008831607820742,0.01616642694637213,0.08680703931363923,0.27987686126408895,0.20253766032925644,1.0028971585284414e-05,0.00023920226672286633,0.0016750263196709785
4.5,40.0,3095.9880812187516,1.2667909978310463,22.26569574820226,373.42029246153487,3.459894022908394,1773.0938028024445,1399.6735103409098,1210.1830940803504,8.623410573213807e-05,0.29004072893039345,0.5271713356525157,1626.1941025440904,15.0,3.8112511594651863,0.23981400641642023,1053.8980013808616,2691.0285265395883,1.364763055510811,1.744731805510811,226.31271965877585,289.32128429614437,1.4957478865037077,248.03336429107972,0.4136546980192987,0.020144034346261736,0.10162782811379706,0.26843957151421566,0.17843915342379613,3.085559034208461e-05,0.000471077438067002,0.0028682256379078384
4.75,40.0,3170.4866988326617,1.2633932854909689,22.697365073064837,366.3184070656768,3.444096518817922,1757.0843348411481,1390.7659277754713,1211.3276230977808,8.793076356329517e-05,0.28721316360996274,0.5379341436366096,1631.472311145129,15.0,3.797916791225304,0.24232402020074997,1093.416428148205,2701.698589770488,1.3668907699456345,1.7468595199456345,227.40124747249564,290.6143217359215,1.4968709462109913,249.02525348624067,0.4255728362809756,0.024334208179702388,0.11450053882576516,0.2570563267815709,0.15646788734266037,8.069414138874962e-05,0.0008394656235540999,0.004486630482141112
5.0,40.0,3234.641312481086,1.2604325335475715,23.099460882627955,359.9418471452797,3.435591513471385,1742.0343309152909,1382.092483770011,1211.4040944823719,8.941141673868957e-05,0.2840471587386847,0.5483517533715732,1634.8508534478583,15.0,3.78634570639855,0.24453355853131292,1128.2972752733187,2708.993770954317,1.3687594145588853,1.7487281645588852,228.1836811812785,291.52766054436535,1.4978605793156812,249.70592877691615,0.4366532494861737,0.028723161612557203,0.12538270674487823,0.24572186238465488,0.13671102889352715,0.00018519608149613977,0.0013791706930504112,0.00652496685348397
5.25,40.0,3288.9482060425503,1.2578677316298077,23.472989411260833,354.214048857556,3.433500972984052,1727.8409335352483,1373.6268846776923,1210.5393084974737,9.068752278460595e-05,0.2806326454630609,0.5583584681304582,1636.5314617413367,15.0,3.776358371673725,0.2464645849027979,1158.6063299899665,2713.260730511511,1.3703892114888467,1.7503579614888467,228.6902315706587,292.09932783222905,1.4987262437509226,250.10708554254515,0.44691232666965547,0.0332692371456483,0.13429519149853178,0.2344598483121877,0.11919473438512503,0.0003808600806762013,0.002115414455689792,0.008928757857912459
5.5,40.0,3333.9721782633014,1.2556629167875692,23.818985481771538,349.0687134645691,3.437059849867671,1714.4161711665047,1365.3474577019356,1208.8515804271112,9.177111596600917e-05,0.27704883227548927,0.5678922519394506,1636.7034953043158,15.0,3.7677996835498844,0.2481372870560636,1184.4708260301359,2714.8259164126193,1.3717985136053876,1.7517672636053876,228.94948041086437,292.3652422899374,1.4994766845489857,250.2586235593859,0.4563740015703865,0.03790762991324927,0.14133147365651144,0.22332006552495284,0.1038715518263602,0.0007124465834729542,0.003057492868186398,0.011600144626768383
5.75,40.0,3370.4210544923976,1.2537832634253507,24.138676160034947,344.4456756049874,3.4455225414776542,1701.689139795464,1357.2434641904765,1206.4620959572321,9.267637656018652e-05,0.27336835143672694,0.576900664174238,1635.5626405848743,15.0,3.760522764260169,0.24957265089792086,1206.1159444894067,2714.0281873613317,1.3730060399513042,1.7529747899513042,228.99128491806445,292.3628432065456,1.5001210743546103,250.19165419062014,0.46507453617342054,0.0425598768118142,0.14665275938605818,0.2123701472312468,0.09062025337208504,0.001226889559554158,0.004195962839411871,0.01441499758704655
6.0,40.0,3399.15339009396,1.2521934071722678,24.43356035857495,340.288623357966,3.458133845878808,1689.6047183878525,1349.3160950298861,1203.496420370161,9.342001251360541e-05,0.26965699562998613,0.5853469277371406,1633.3140610367848,15.0,3.7543817829342485,0.25079347646597216,1223.8699154755545,2711.2245287125797,1.3740317749921886,1.7540005249921888,228.8473044725848,292.1317392316076,1.50066946011537,249.9390240474489,0.4730633057287276,0.04714571024630293,0.15046889067583452,0.2016838140612444,0.07925997671936415,0.00196561742759113,0.005504667150654927,0.017245547244196767
6.25,40.0,3421.1277293610515,1.2508577278644621,24.705384502022458,336.54455438540504,3.4741465520777353,1678.1199455459234,1341.5753911605186,1200.0791387056822,9.402053853316455e-05,0.26597130389676116,0.593213398181915,1630.1641184858674,15.0,3.749232492176703,0.2518239387988667,1238.1387397765034,2706.7757071205497,1.3748966378664584,1.7548653878664584,228.54972551041982,291.71211250250445,1.5011325575936982,249.53398280556223,0.48039967518956356,0.05159352897836409,0.15301184385897681,0.19132944161298676,0.069573942550313,0.002958208518665907,0.006946504288634756,0.019980253122294584
6.5,40.0,3437.3255392290757,1.2497416825049075,24.956045345727947,333.1642695374624,3.4928578187062786,1667.1997665190918,1334.0354969816292,1196.3263525855425,9.44969890454288e-05,0.26235636947413016,0.6005013653340364,1626.3080460511267,15.0,3.744936855604176,0.25268834328950757,1249.3652077553706,2701.024603288906,1.3756214762241488,1.7555902262241487,228.12930767428855,291.14228717013975,1.501521183453474,249.00817118655146,0.4871478149049678,0.055846821408891696,0.15451076798802635,0.18136216931674723,0.061334571372185294,0.004219397995769435,0.008480332410260031,0.022535286174358193
6.75,40.0,3448.6806031524948,1.2488132359485717,25.187471606803143,330.10310633590956,3.5136411588279,1656.8135004892974,1326.7103941533878,1192.3397958138512,9.486765875324729e-05,0.2588451738291092,0.6072279249292144,1621.9197865796696,15.0,3.7413680799821556,0.25340980693189236,1257.9890787828929,2694.2781196391124,1.3762259987778926,1.7561947487778926,227.61372927791166,290.4566811429159,1.5018456536109324,248.38993764233945,0.49337160803975816,0.05986611200030348,0.15517449390456453,0.17182057117280167,0.054323378599772536,0.005749571581910837,0.010066676200141449,0.024857012116093972
7.0,40.0,3456.032396798037,1.248043829521179,25.40152427391899,327.32140514457683,3.535963550491848,1646.9325632872099,1319.611158142633,1188.2040397541593,9.514921946165148e-05,0.2554595044979817,0.6134214822451165,1617.1466668948017,15.0,3.7384139221808255,0.254009314705218,1264.4185023703092,2686.797457526607,1.3767280199472283,1.7566967699472282,227.02667360192729,289.68468603091014,1.5021153506702472,247.70342906373804,0.49913095690963555,0.06362766577184067,0.1551827486786675,0.16272699144785657,0.04834311333429805,0.007537536597597429,0.011671215219908878,0.026918317693779885
7.25,40.0,3460.1052701617596,1.2474087651652035,25.599931705620172,324.78456246537155,3.559387746632283,1637.5293322333375,1312.7447697679659,1183.9864736106722,9.535628261028043e-05,0.25221184579388256,0.6191172714174449,1612.1086296491242,15.0,3.735977823534065,0.25450526052993366,1269.0147214492592,2678.7963875949795,1.3771431052713687,1.7571118552713687,226.38763331716396,288.8504418065044,1.5023385104338236,246.9684221752156,0.5044797652068873,0.06712058696933092,0.15468420472857228,0.15408995980927961,0.04322293485135523,0.009564106269051477,0.013266196308088967,0.02871229717934081
7.5,40.0,3461.5068611470842,1.2468871297219828,25.784258060489087,322.4627444639967,3.58356468943904,1628.576776520341,1306.1140320563443,1179.7390158128562,9.550131344392665e-05,0.24910756267041684,0.6243536708989652,1606.900447541496,15.0,3.7339783568512876,0.2549133813586161,1272.0873545515897,2670.4448178167045,1.3774845397221258,1.7574532897221258,225.7121976782057,287.9732097900668,1.5025221867066005,246.2006469344643,0.5094652680507303,0.07034356737539653,0.15379863359992343,0.14590732147861768,0.03881881640379821,0.011805462634277508,0.014830428106715638,0.030245808610311006
7.75,40.0,3460.7376620636933,1.246461448875732,25.955895960455646,320.330403189337,3.6082211820082475,1620.0484915579998,1299.7180883686626,1175.5005734043068,9.559476173471997e-05,0.2461469294212803,0.629169536720577,1601.5953418225045,15.0,3.7323477063867188,0.2552469346841537,1273.8963183590263,2661.874910714405,1.3777634937842889,1.7577322437842888,225.01257756502133,287.0680378942999,1.5026723270152678,245.41234766543482,0.5141282146111786,0.0733019721952813,0.15262089723771458,0.13816924784482865,0.03501133062122564,0.014235819672955657,0.016348528459888986,0.031534119825334966
8.0,40.0,3458.2054118338183,1.246117227252791,26.116073803154013,318.3657191667574,3.633146475367226,1611.918887794644,1293.5531686278866,1171.299591973728,9.564529631246097e-05,0.24332679701747922,0.6336024701944207,1596.248907414503,15.0,3.731029767631334,0.2555169916317272,1274.6570811181925,2653.1878172089455,1.3779892812906118,1.7579580312906118,224.29819405087727,286.14650127497055,1.5027939015069174,244.61290281080647,0.518503485655038,0.07600551008125879,0.15122535327211187,0.13086076288155124,0.03170235110532782,0.016829299432547185,0.017809900763915164,0.03259695912637915
8.25,40.0,3454.24037514321,1.245842474011419,26.26587043014619,316.5500507689424,3.658179803135224,1604.1633976564265,1287.613346887484,1167.1563530965104,9.566006939553245e-05,0.2406418616073458,0.6376878109095486,1590.9027448936338,15.0,3.7299782337195664,0.25573276161346997,1274.5470594046164,2644.4599581858765,1.3781696398653533,1.7581383898653533,223.57623275949092,285.21739741294573,1.502891046950198,243.80940401351504,0.5226208695648086,0.07846650018782408,0.14966994376997675,0.12396369743831667,0.028811577415625587,0.019561127265225624,0.01920770962511144,0.03345583311563865
8.5,40.0,3449.1095021832402,1.2456272666420907,26.40623239345958,314.8674333492803,3.6831996847378443,1596.7586405175828,1281.8912071683026,1163.0848973080695,9.564497053030714e-05,0.23808557973362474,0.641458139914169,1585.5875594642046,15.0,3.7291548585086067,0.25590190168959837,1273.7119417088104,2635.748414112553,1.3783109958157895,1.7582797458157895,222.85212259418205,284.2873449162966,1.5029672045086224,243.0071534878439,0.5265058397201484,0.08069864208560731,0.14799968167104077,0.1174581253060748,0.02627333161186269,0.022408312370906472,0.020537980355978785,0.03413232716988469
8.75,40.0,3443.0286544310056,1.245463373732266,26.537991176135534,313.3041443479745,3.7081151709257303,1589.6825285614343,1276.3783842134599,1159.0945628844847,9.5604851834574e-05,0.23565080201149224,0.6449431162967781,1580.3256811272267,15.0,3.728527966636907,0.25603079000516277,1272.271369002656,2627.0953276928853,1.3784186970339896,1.7583874470339895,222.12992880022676,283.3612742291766,1.5030252418072876,242.21007061642015,0.5301802597051469,0.08271617431873057,0.14624948812084607,0.11132337868783326,0.024033798477336478,0.025349970982890963,0.02179886037246857,0.034647103441491675
9.0,40.0,3436.1727468536724,1.2453439397588417,26.661879090741756,311.84833559013504,3.7328588803273948,1582.9143170717361,1271.065981481601,1155.1911832445514,9.554371911335116e-05,0.23333019647469205,0.6481695176012414,1575.1330553759342,15.0,3.7280712156373914,0.2561247577003629,1270.32378226948,2618.5313955174624,1.3784972098259414,1.7584659598259413,221.41266609294055,282.44281789145225,1.5030675566288358,241.42101460837475,0.5336629909401986,0.08453331912653408,0.14444644100489462,0.10553874203208803,0.022048735837370194,0.028367416909794517,0.0229900379132061,0.03501936570667769
9.25,40.0,3428.683962155422,1.2452632273277566,26.77854332759015,310.4897274074943,3.7573815565063162,1576.4346095262165,1265.9448821187223,1151.3780024148994,9.546488978897651e-05,0.23111652098361937,0.6511613952020977,1570.0207873983466,15.0,3.72776258790919,0.25618828062871246,1267.9504347769478,2610.078586756763,1.3785502812097168,1.7585190312097168,220.70254347540615,281.53461518814856,1.5030961627378707,240.64203585904923,0.5369704007380567,0.08616392908038838,0.14261152984060665,0.10008391084675024,0.020281615538039116,0.031444110536772776,0.024112296779330952,0.03526662274391907
9.5,40.0,3420.6783244066664,1.245216408901556,26.888558059941456,309.2193564124258,3.781647842766011,1570.2253298608186,1261.0059734483928,1147.6563693238386,9.537112164387273e-05,0.2290027912789242,0.6539402865183707,1564.9963298212574,15.0,3.7275835788817098,0.25622513556890875,1265.2186592988894,2601.7522417192413,1.3785810708954616,1.7585498208954617,220.00115394272825,280.63854787406785,1.5031127598729477,239.8745700630352,0.5401167801635707,0.08762127303652023,0.140761014169844,0.09493928296769523,0.01870213219985342,0.03456552861690027,0.025167181125550584,0.035404634352874
9.75,40.0,3412.2509116929796,1.2451993992677903,26.99243476136898,308.0293679195153,3.805633033564082,1564.2696720937786,1256.240304174263,1144.0262585345304,9.526471672214527e-05,0.2269823769707279,0.6565254500276678,1560.0643878219914,15.0,3.727518545719514,0.2562385267325177,1262.184500224891,2593.562677263471,1.378592257999418,1.758561007999418,219.30962020995946,279.7559209712018,1.5031187904699568,239.1195867781807,0.5431146852933386,0.08891791729780064,0.13890747261937383,0.09008613200597121,0.017285013187051865,0.03771899408936588,0.026156746640370952,0.035447463604708684
10.0,40.0,3403.479986782021,1.2452087214783931,27.090630892728658,306.9128456652115,3.8293205656747484,1558.5520362078514,1251.6391905426399,1140.4866618249555,9.514760503926277e-05,0.2250490510504259,0.6589340985091114,1555.2276099290657,15.0,3.72755418727302,0.2562311875512006,1258.8948255599216,2585.5164164413445,1.3785861267956796,1.7585548767956798,218.62870675080816,278.88760157322304,1.503115485327675,238.377703261922,0.5459752144154031,0.09006566968345937,0.13706061064957406,0.08550669988443145,0.016009072476148432,0.040893492783651335,0.027083377274137135,0.035407585994496824
10.25,40.0,3394.4302623056114,1.2452413990373687,27.183557246319946,305.8636712926464,3.852700094928985,1553.0579561614911,1247.194284868845,1137.0358795494503,9.502141184081113e-05,0.22319700741745888,0.6611816232332063,1550.4871118997105,15.0,3.727679126641693,0.2562054629255616,1255.3890187343827,2577.6171251316086,1.3785646359305979,1.758533385930598,217.95890553156363,278.0341248775833,1.5031039005261908,237.64927122024784,0.5487082340570156,0.09107556506240348,0.13522788594448062,0.08118423452932576,0.014856456039037179,0.044079490309891355,0.02794965187242431,0.03529602533144039
10.5,40.0,3385.155486460915,1.2452948694367518,27.27158411103756,304.87640851006336,3.875766014174365,1547.7740247958154,1242.8976162857518,1133.6717380534578,9.488751170505389e-05,0.2214208593667909,0.6632817988087816,1545.8428750147314,15.0,3.7278835769220073,0.2561633754491157,1251.7003329081092,2569.86632716015,1.378529474100491,1.758498224100491,217.30050175503854,277.19577536180066,1.5030849471647008,236.93444306837165,0.551322563139314,0.09195787735780653,0.13341499160666676,0.07710299075547125,0.013812040560043625,0.047268759163318026,0.028758247605931823,0.035122497476119445
10.75,40.0,3375.7004951763893,1.2453669141734147,27.35504649578103,303.94620676062755,3.898516315712352,1542.6878186220044,1238.7416118613767,1130.3917504481788,9.474707215420157e-05,0.21971562543230616,0.6652469699175764,1541.2940478852408,15.0,3.728159071056308,0.25610667920332475,1247.8569789785402,2562.263949077937,1.3784821052417624,1.7584508552417626,216.65362421677582,276.37264883347933,1.5030594155272883,236.23322243274498,0.5538261243433782,0.09272214814311024,0.13162623262902215,0.07324820720493473,0.012862951155410127,0.05045421901763846,0.029511870930584844,0.03489555174254878
11.0,40.0,3366.1028539882345,1.2454556023995549,27.43424851755957,303.0687213040111,3.9209517013122603,1537.7878246417838,1234.7191033377726,1127.193237558432,9.460108905667524e-05,0.21807670893801023,0.6670882170665962,1536.8391780133657,15.0,3.7284982445711643,0.2560369032026914,1243.8830025536483,2554.808739905671,1.3784238050011814,1.7583925550011814,216.01828426955908,275.56470036687733,1.5030279946054332,235.54550307806352,0.5562260679915936,0.09337722343280017,0.1298648187324968,0.06960606943609886,0.01199817417771856,0.05362979301908272,0.030213209177238513,0.03462270399035243
11.25,40.0,3356.3941659318093,1.245559244835101,27.50946715066223,302.2400460400444,3.943074903137437,1533.0633703380397,1230.8233242979954,1124.0734157134732,9.445041526317396e-05,0.2164998734120239,0.6688155040054963,1532.4763860403973,15.0,3.7288946580884144,0.25595538703160925,1239.7989917923328,2547.498589325418,1.3783556906312506,1.7583244406312506,215.39440557752084,274.7717808084394,1.5029912881166934,234.8710984345594,0.5585288753763716,0.09393129619780087,0.12813309434126138,0.06616366358619682,0.0112082441678096,0.056790279632760156,0.03086489661682376,0.0343105584368565
11.5,40.0,3346.6011215380713,1.2456763562188364,27.58095541120698,301.4566571096671,3.9648901571032886,1528.5045576457062,1227.047900536039,1121.0294612625057,9.429578393924042e-05,0.21498121681201326,0.6704378068709936,1528.2034982021485,15.0,3.729342652863787,0.2558633099510603,1235.6226508955042,2540.3307711670636,1.3782787453934002,1.7582474953934002,214.78184703317265,273.9936648259457,1.5029498275915192,234.20976420568448,0.5607404444631477,0.0943919507218906,0.1264327189001652,0.06290892543066369,0.010484990159947926,0.05993123924126749,0.03146949189461171,0.03396491752399704
11.75,40.0,3336.746352831703,1.2458056245139737,27.648945077646903,300.7153652627116,3.9864027855920234,1524.1022013341385,1223.386836071427,1118.0585587422725,9.413782779186427e-05,0.21351714579158493,0.6719632282198154,1524.0181485128696,15.0,3.7298372324215032,0.25576171482478055,1231.369269692672,2533.3021324155734,1.3781938386070274,1.7581625886070273,214.18042065391614,273.23007276424426,1.5029040831334324,233.561215926891,0.5628661616994429,0.09476620585949541,0.12476480949376406,0.05983058872143786,0.009821328531899128,0.06304889494291202,0.032029463348713184,0.03359087985397099
12.0,40.0,3326.849115914601,1.2459458853391505,27.713649046481894,300.0132751990925,4.007618886835669,1519.8477716590955,1219.8344964600033,1115.1579335760307,9.397709468664071e-05,0.2121043503121156,0.673399096889377,1519.9178536461193,15.0,3.7303739643609557,0.25565152802942,1227.0521051231121,2526.4092335913742,1.3781017423247497,1.7580704923247497,213.58990504404775,272.4806870085921,1.5028544723751833,232.9251420204616,0.5649109631793328,0.09506055779089624,0.12313005413770403,0.05691813299625464,0.009211093359036244,0.06614004611705669,0.03254717970965969,0.03319292621441806
